{"id":"0926dd29-989e-11ed-ac97-000c29667fe1","name":"AP Header Process","key":"ap-header-process","description":"","editorJson":{"modelId":"0926dd29-989e-11ed-ac97-000c29667fe1","bounds":{"lowerRight":{"x":2539.898945275113,"y":1050},"upperLeft":{"x":0,"y":0}},"properties":{"process_id":"ap-header-process","name":"AP Header Process","documentation":"","process_author":"","process_version":"","process_namespace":"http://www.flowable.org/processdef","process_historylevel":"","isexecutable":true,"dataproperties":"","executionlisteners":"","eventlisteners":"","signaldefinitions":"","messagedefinitions":"","escalationdefinitions":"","process_potentialstarteruser":"","process_potentialstartergroup":"","iseagerexecutionfetch":"false"},"childShapes":[{"resourceId":"startEvent1","properties":{"overrideid":"","name":"","documentation":"","executionlisteners":"","initiator":"","formkeydefinition":"","formreference":"","formfieldvalidation":true,"formproperties":""},"stencil":{"id":"StartNoneEvent"},"childShapes":[],"outgoing":[{"resourceId":"sid-5BD43600-6043-4DD9-9CAB-5AF5B3980B7D"}],"bounds":{"lowerRight":{"x":75,"y":240},"upperLeft":{"x":45,"y":210}},"dockers":[]},{"resourceId":"sid-9C4924D5-BF02-498E-9287-61BC05E0ED26","properties":{"overrideid":"","name":"Prepare Package","documentation":"","asynchronousdefinition":"false","exclusivedefinition":"false","executionlisteners":"","multiinstance_type":"None","multiinstance_variableaggregations":"","multiinstance_cardinality":"","multiinstance_collection":"","multiinstance_variable":"","multiinstance_condition":"","isforcompensation":"false","usertaskassignment":{"assignment":{"type":"idm","initiatorCanCompleteTask":true,"idm":{"type":"initiator"}}},"formkeydefinition":"","formreference":{"id":"c83a831f-9619-11ed-b309-000c29667fe1","name":"Data Check Form","key":"data-check-form"},"formfieldvalidation":true,"duedatedefinition":"","prioritydefinition":"","formproperties":"","tasklisteners":"","skipexpression":"","categorydefinition":"","taskidvariablename":""},"stencil":{"id":"UserTask"},"childShapes":[],"outgoing":[{"resourceId":"sid-F29AAF42-113E-44D1-9A34-219B69EF6BFB"}],"bounds":{"lowerRight":{"x":234.5,"y":265},"upperLeft":{"x":134.5,"y":185}},"dockers":[]},{"resourceId":"sid-5BD43600-6043-4DD9-9CAB-5AF5B3980B7D","properties":{"overrideid":"","name":"","documentation":"","conditionsequenceflow":"","executionlisteners":"","defaultflow":"false","skipexpression":""},"stencil":{"id":"SequenceFlow"},"childShapes":[],"outgoing":[{"resourceId":"sid-9C4924D5-BF02-498E-9287-61BC05E0ED26"}],"bounds":{"lowerRight":{"x":133.89453125,"y":225},"upperLeft":{"x":75.58984375,"y":225}},"dockers":[{"x":15,"y":15},{"x":50,"y":40}],"target":{"resourceId":"sid-9C4924D5-BF02-498E-9287-61BC05E0ED26"}},{"resourceId":"sid-B83DB54A-4FA3-4737-A06F-9E76B7D67193","properties":{"scriptformat":"groovy","scripttext":"if(invoicenumber!=null && invoicedate!=null && invoiceamount!=null && gstamount!=null && gstnumber!=null && suppliername!=null){\nexecution.setVariable(\"IsDataValid\",true)}\nelse{execution.setVariable(\"IsDataValid\",false)}","overrideid":"","name":"Data Validation","documentation":"","asynchronousdefinition":"false","exclusivedefinition":"false","executionlisteners":"","multiinstance_type":"None","multiinstance_variableaggregations":"","multiinstance_cardinality":"","multiinstance_collection":"","multiinstance_variable":"","multiinstance_condition":"","skipexpression":"","isforcompensation":"false","scriptautostorevariables":"false"},"stencil":{"id":"ScriptTask"},"childShapes":[],"outgoing":[{"resourceId":"sid-3377ACAF-A56F-4F3B-A570-BD66F4B1DDF2"}],"bounds":{"lowerRight":{"x":415,"y":265},"upperLeft":{"x":315,"y":185}},"dockers":[]},{"resourceId":"sid-F29AAF42-113E-44D1-9A34-219B69EF6BFB","properties":{"overrideid":"","name":"","documentation":"","conditionsequenceflow":"","executionlisteners":"","defaultflow":"false","skipexpression":""},"stencil":{"id":"SequenceFlow"},"childShapes":[],"outgoing":[{"resourceId":"sid-B83DB54A-4FA3-4737-A06F-9E76B7D67193"}],"bounds":{"lowerRight":{"x":314.64453125,"y":225},"upperLeft":{"x":234.85546875,"y":225}},"dockers":[{"x":50,"y":40},{"x":50,"y":40}],"target":{"resourceId":"sid-B83DB54A-4FA3-4737-A06F-9E76B7D67193"}},{"resourceId":"sid-2B665AD5-9B7E-40F4-9D7D-639CF8599B9B","properties":{"overrideid":"","name":"","documentation":"","asynchronousdefinition":"false","exclusivedefinition":"false","sequencefloworder":""},"stencil":{"id":"ExclusiveGateway"},"childShapes":[],"outgoing":[{"resourceId":"sid-65E35D5A-C757-40BB-B06A-FB5D2FA4ADE0"},{"resourceId":"sid-DBB1FDBA-C732-4C2C-90E6-5B40BF9439BA"}],"bounds":{"lowerRight":{"x":540.5,"y":245},"upperLeft":{"x":500.5,"y":205}},"dockers":[]},{"resourceId":"sid-3377ACAF-A56F-4F3B-A570-BD66F4B1DDF2","properties":{"overrideid":"","name":"","documentation":"","conditionsequenceflow":"","executionlisteners":"","defaultflow":"false","skipexpression":""},"stencil":{"id":"SequenceFlow"},"childShapes":[],"outgoing":[{"resourceId":"sid-2B665AD5-9B7E-40F4-9D7D-639CF8599B9B"}],"bounds":{"lowerRight":{"x":500.50000513638383,"y":225.43429488825765},"upperLeft":{"x":415.96874486361617,"y":225.16336136174235}},"dockers":[{"x":50,"y":40},{"x":20.5,"y":20.5}],"target":{"resourceId":"sid-2B665AD5-9B7E-40F4-9D7D-639CF8599B9B"}},{"resourceId":"sid-A4DF6829-2281-4560-AE6D-25B4E462B301","properties":{"overrideid":"","name":"Data Check Queue","documentation":"","asynchronousdefinition":"false","exclusivedefinition":"false","executionlisteners":"","multiinstance_type":"None","multiinstance_variableaggregations":"","multiinstance_cardinality":"","multiinstance_collection":"","multiinstance_variable":"","multiinstance_condition":"","isforcompensation":"false","usertaskassignment":{"assignment":{"type":"idm","initiatorCanCompleteTask":true,"idm":{"type":"initiator"}}},"formkeydefinition":"","formreference":{"id":"c83a831f-9619-11ed-b309-000c29667fe1","name":"Data Check Form","key":"data-check-form"},"formfieldvalidation":true,"duedatedefinition":"","prioritydefinition":"","formproperties":"","tasklisteners":"","skipexpression":"","categorydefinition":"","taskidvariablename":""},"stencil":{"id":"UserTask"},"childShapes":[],"outgoing":[{"resourceId":"sid-5BA8CFAB-9769-435F-BC50-09B2B91B14EE"}],"bounds":{"lowerRight":{"x":570.5,"y":124},"upperLeft":{"x":470.5,"y":44}},"dockers":[]},{"resourceId":"sid-8CF60390-D260-4DF4-9EE5-4932F528D9A2","properties":{"overrideid":"","name":"Bu and Coding Assignment","documentation":"","asynchronousdefinition":"false","exclusivedefinition":"false","servicetasktriggerable":"false","executionlisteners":"","multiinstance_type":"None","multiinstance_variableaggregations":"","multiinstance_cardinality":"","multiinstance_collection":"","multiinstance_variable":"","multiinstance_condition":"","isforcompensation":"false","servicetaskclass":"org.flowable.APBuAndCodingExecutor","servicetaskexpression":"","servicetaskdelegateexpression":"","servicetaskfields":"","servicetaskexceptions":"","servicetaskresultvariable":"","servicetaskuselocalscopeforresultvariable":"false","skipexpression":"","servicetaskfailedjobretrytimecycle":"","servicetaskstoreresultvariabletransient":"false"},"stencil":{"id":"ServiceTask"},"childShapes":[],"outgoing":[{"resourceId":"sid-EFADE763-6752-44FD-8855-B46D2805FB22"}],"bounds":{"lowerRight":{"x":730,"y":265},"upperLeft":{"x":630,"y":185}},"dockers":[]},{"resourceId":"sid-5BA8CFAB-9769-435F-BC50-09B2B91B14EE","properties":{"overrideid":"","name":"","documentation":"","conditionsequenceflow":"","executionlisteners":"","defaultflow":"false","skipexpression":""},"stencil":{"id":"SequenceFlow"},"childShapes":[],"outgoing":[{"resourceId":"sid-B83DB54A-4FA3-4737-A06F-9E76B7D67193"}],"bounds":{"lowerRight":{"x":469.69140625,"y":184.34375},"upperLeft":{"x":365,"y":84}},"dockers":[{"x":50.00000000000001,"y":40},{"x":365,"y":84},{"x":50,"y":40}],"target":{"resourceId":"sid-B83DB54A-4FA3-4737-A06F-9E76B7D67193"}},{"resourceId":"sid-2D761F82-8C27-4D75-9BFD-6FEDA09B5969","properties":{"overrideid":"","name":"","documentation":"","asynchronousdefinition":"false","exclusivedefinition":"false","sequencefloworder":""},"stencil":{"id":"ExclusiveGateway"},"childShapes":[],"outgoing":[{"resourceId":"sid-98513D8C-3098-439E-AFF0-982ADD9C9A2C"},{"resourceId":"sid-CAE82BCD-50E5-405B-A02B-5087119CA955"}],"bounds":{"lowerRight":{"x":850.5,"y":245},"upperLeft":{"x":810.5,"y":205}},"dockers":[]},{"resourceId":"sid-EFADE763-6752-44FD-8855-B46D2805FB22","properties":{"overrideid":"","name":"","documentation":"","conditionsequenceflow":"","executionlisteners":"","defaultflow":"false","skipexpression":""},"stencil":{"id":"SequenceFlow"},"childShapes":[],"outgoing":[{"resourceId":"sid-2D761F82-8C27-4D75-9BFD-6FEDA09B5969"}],"bounds":{"lowerRight":{"x":809.9453179821706,"y":225.43028250987473},"upperLeft":{"x":730.5468695178294,"y":225.16737374012527}},"dockers":[{"x":50,"y":40},{"x":20.5,"y":20.5}],"target":{"resourceId":"sid-2D761F82-8C27-4D75-9BFD-6FEDA09B5969"}},{"resourceId":"sid-228A7E1B-5D79-4A0C-A653-0377547E215E","properties":{"overrideid":"","name":"AP Coding","documentation":"","asynchronousdefinition":"false","exclusivedefinition":"false","executionlisteners":"","multiinstance_type":"None","multiinstance_variableaggregations":"","multiinstance_cardinality":"","multiinstance_collection":"","multiinstance_variable":"","multiinstance_condition":"","isforcompensation":"false","usertaskassignment":{"assignment":{"type":"idm","initiatorCanCompleteTask":true,"idm":{"type":"initiator"}}},"formkeydefinition":"","formreference":{"id":"3a6bfe79-9666-11ed-b309-000c29667fe1","name":"Coding Form","key":"coding-form"},"formfieldvalidation":true,"duedatedefinition":"","prioritydefinition":"","formproperties":"","tasklisteners":"","skipexpression":"","categorydefinition":"","taskidvariablename":""},"stencil":{"id":"UserTask"},"childShapes":[],"outgoing":[{"resourceId":"sid-0176E084-F27D-4496-A3EB-980AF893304B"}],"bounds":{"lowerRight":{"x":1033.5,"y":265},"upperLeft":{"x":933.5,"y":185}},"dockers":[]},{"resourceId":"sid-6709C16F-1650-4982-961D-73FFED722148","properties":{"overrideid":"","name":"Temp AP Coding","documentation":"","asynchronousdefinition":"false","exclusivedefinition":"false","executionlisteners":"","multiinstance_type":"None","multiinstance_variableaggregations":"","multiinstance_cardinality":"","multiinstance_collection":"","multiinstance_variable":"","multiinstance_condition":"","isforcompensation":"false","usertaskassignment":{"assignment":{"type":"idm","initiatorCanCompleteTask":true,"idm":{"type":"initiator"}}},"formkeydefinition":"","formreference":{"id":"3a6bfe79-9666-11ed-b309-000c29667fe1","name":"Coding Form","key":"coding-form"},"formfieldvalidation":true,"duedatedefinition":"","prioritydefinition":"","formproperties":"","tasklisteners":"","skipexpression":"","categorydefinition":"","taskidvariablename":""},"stencil":{"id":"UserTask"},"childShapes":[],"outgoing":[{"resourceId":"sid-9AF6B8DC-D8BB-413B-BD1D-4AB29A44CA33"}],"bounds":{"lowerRight":{"x":1033.4999802165576,"y":142.99999866485607},"upperLeft":{"x":933.4999802165577,"y":62.999998664856065}},"dockers":[]},{"resourceId":"sid-4EA08633-3BC4-4EFD-A696-3E6872A7D3F8","properties":{"overrideid":"","name":"AP Coding Executor","documentation":"","asynchronousdefinition":"false","exclusivedefinition":"false","servicetasktriggerable":"false","executionlisteners":"","multiinstance_type":"None","multiinstance_variableaggregations":"","multiinstance_cardinality":"","multiinstance_collection":"","multiinstance_variable":"","multiinstance_condition":"","isforcompensation":"false","servicetaskclass":"org.flowable.APAPCodingExecutor","servicetaskexpression":"","servicetaskdelegateexpression":"","servicetaskfields":"","servicetaskexceptions":"","servicetaskresultvariable":"","servicetaskuselocalscopeforresultvariable":"false","skipexpression":"","servicetaskfailedjobretrytimecycle":"","servicetaskstoreresultvariabletransient":"false"},"stencil":{"id":"ServiceTask"},"childShapes":[],"outgoing":[{"resourceId":"sid-63D74A3F-D374-4C8E-9209-EF726B2BDF4F"}],"bounds":{"lowerRight":{"x":1200,"y":265},"upperLeft":{"x":1100,"y":185}},"dockers":[]},{"resourceId":"sid-0176E084-F27D-4496-A3EB-980AF893304B","properties":{"overrideid":"","name":"","documentation":"","conditionsequenceflow":"","executionlisteners":"","defaultflow":"false","skipexpression":""},"stencil":{"id":"SequenceFlow"},"childShapes":[],"outgoing":[{"resourceId":"sid-4EA08633-3BC4-4EFD-A696-3E6872A7D3F8"}],"bounds":{"lowerRight":{"x":1099.5703125,"y":225},"upperLeft":{"x":1033.9296875,"y":225}},"dockers":[{"x":50,"y":40},{"x":50,"y":40}],"target":{"resourceId":"sid-4EA08633-3BC4-4EFD-A696-3E6872A7D3F8"}},{"resourceId":"sid-C6E21913-ACD6-4383-9DFE-9662CE4099AD","properties":{"overrideid":"","name":"Receiver","documentation":"","asynchronousdefinition":"false","exclusivedefinition":"false","executionlisteners":"","multiinstance_type":"None","multiinstance_variableaggregations":"","multiinstance_cardinality":"","multiinstance_collection":"","multiinstance_variable":"","multiinstance_condition":"","isforcompensation":"false","usertaskassignment":{"assignment":{"type":"idm","initiatorCanCompleteTask":true,"idm":{"type":"initiator"}}},"formkeydefinition":"","formreference":{"id":"3a6bfe79-9666-11ed-b309-000c29667fe1","name":"Coding Form","key":"coding-form"},"formfieldvalidation":true,"duedatedefinition":"","prioritydefinition":"","formproperties":"","tasklisteners":"","skipexpression":"","categorydefinition":"","taskidvariablename":""},"stencil":{"id":"UserTask"},"childShapes":[],"outgoing":[{"resourceId":"sid-C13CB3BF-D741-421E-8DB9-CFEEA0476C66"}],"bounds":{"lowerRight":{"x":1360,"y":265},"upperLeft":{"x":1260,"y":185}},"dockers":[]},{"resourceId":"sid-9AF6B8DC-D8BB-413B-BD1D-4AB29A44CA33","properties":{"overrideid":"","name":"","documentation":"","conditionsequenceflow":"","executionlisteners":"","defaultflow":"false","skipexpression":""},"stencil":{"id":"SequenceFlow"},"childShapes":[],"outgoing":[{"resourceId":"sid-C6E21913-ACD6-4383-9DFE-9662CE4099AD"}],"bounds":{"lowerRight":{"x":1310,"y":184.92187457233672},"upperLeft":{"x":1034.2402176054413,"y":102.99999866485607}},"dockers":[{"x":49.99999999999994,"y":40},{"x":1310,"y":102.99999866485607},{"x":50,"y":40}],"target":{"resourceId":"sid-C6E21913-ACD6-4383-9DFE-9662CE4099AD"}},{"resourceId":"sid-63D74A3F-D374-4C8E-9209-EF726B2BDF4F","properties":{"overrideid":"","name":"","documentation":"","conditionsequenceflow":"","executionlisteners":"","defaultflow":"false","skipexpression":""},"stencil":{"id":"SequenceFlow"},"childShapes":[],"outgoing":[{"resourceId":"sid-C6E21913-ACD6-4383-9DFE-9662CE4099AD"}],"bounds":{"lowerRight":{"x":1259.625,"y":225},"upperLeft":{"x":1201,"y":225}},"dockers":[{"x":50,"y":40},{"x":50,"y":40}],"target":{"resourceId":"sid-C6E21913-ACD6-4383-9DFE-9662CE4099AD"}},{"resourceId":"sid-DBB1FDBA-C732-4C2C-90E6-5B40BF9439BA","properties":{"overrideid":"","name":"","documentation":"","conditionsequenceflow":{"expression":{"type":"static","staticValue":"${IsDataValid==true}"}},"executionlisteners":"","defaultflow":"false","skipexpression":""},"stencil":{"id":"SequenceFlow"},"childShapes":[],"outgoing":[{"resourceId":"sid-8CF60390-D260-4DF4-9EE5-4932F528D9A2"}],"bounds":{"lowerRight":{"x":629.312504944388,"y":225.43826161146035},"upperLeft":{"x":540.632807555612,"y":225.15939463853965}},"dockers":[{"x":20.5,"y":20.5},{"x":50,"y":40}],"target":{"resourceId":"sid-8CF60390-D260-4DF4-9EE5-4932F528D9A2"}},{"resourceId":"sid-65E35D5A-C757-40BB-B06A-FB5D2FA4ADE0","properties":{"overrideid":"","name":"","documentation":"","conditionsequenceflow":{"expression":{"type":"static","staticValue":"${IsDataValid==false}"}},"executionlisteners":"","defaultflow":"false","skipexpression":""},"stencil":{"id":"SequenceFlow"},"childShapes":[],"outgoing":[{"resourceId":"sid-A4DF6829-2281-4560-AE6D-25B4E462B301"}],"bounds":{"lowerRight":{"x":520.9261539531554,"y":204.60156874299614},"upperLeft":{"x":520.6441585468446,"y":124.79686875700386}},"dockers":[{"x":20.5,"y":20.5},{"x":50.00000000000001,"y":40}],"target":{"resourceId":"sid-A4DF6829-2281-4560-AE6D-25B4E462B301"}},{"resourceId":"sid-98513D8C-3098-439E-AFF0-982ADD9C9A2C","properties":{"overrideid":"","name":"Manual Coding","documentation":"","conditionsequenceflow":{"expression":{"type":"static","staticValue":"${isCodingManual==true}"}},"executionlisteners":"","defaultflow":"false","skipexpression":""},"stencil":{"id":"SequenceFlow"},"childShapes":[],"outgoing":[{"resourceId":"sid-228A7E1B-5D79-4A0C-A653-0377547E215E"}],"bounds":{"lowerRight":{"x":933.0566459998558,"y":225.43422132909788},"upperLeft":{"x":851.0624946251442,"y":225.16538804590212}},"dockers":[{"x":20.5,"y":20.5},{"x":50,"y":40}],"target":{"resourceId":"sid-228A7E1B-5D79-4A0C-A653-0377547E215E"}},{"resourceId":"sid-CAE82BCD-50E5-405B-A02B-5087119CA955","properties":{"overrideid":"","name":"Auto Coding","documentation":"","conditionsequenceflow":{"expression":{"type":"static","staticValue":"${isCodingManual==false}"}},"executionlisteners":"","defaultflow":"false","skipexpression":""},"stencil":{"id":"SequenceFlow"},"childShapes":[],"outgoing":[{"resourceId":"sid-6709C16F-1650-4982-961D-73FFED722148"}],"bounds":{"lowerRight":{"x":933.0566272557205,"y":204.40234353095292},"upperLeft":{"x":831,"y":102.99999866485607}},"dockers":[{"x":20.5,"y":20.5},{"x":831,"y":102.99999866485607},{"x":49.99999999999994,"y":40}],"target":{"resourceId":"sid-6709C16F-1650-4982-961D-73FFED722148"}},{"resourceId":"sid-E119093A-0A73-4897-9240-76D9A7F4681C","properties":{"overrideid":"","name":"Review","documentation":"","asynchronousdefinition":"false","exclusivedefinition":"false","executionlisteners":"","multiinstance_type":"None","multiinstance_variableaggregations":"","multiinstance_cardinality":"","multiinstance_collection":"","multiinstance_variable":"","multiinstance_condition":"","isforcompensation":"false","usertaskassignment":{"assignment":{"type":"idm","initiatorCanCompleteTask":true,"idm":{"type":"initiator"}}},"formkeydefinition":"","formreference":{"id":"3a6bfe79-9666-11ed-b309-000c29667fe1","name":"Coding Form","key":"coding-form"},"formfieldvalidation":true,"duedatedefinition":"","prioritydefinition":"","formproperties":"","tasklisteners":"","skipexpression":"","categorydefinition":"","taskidvariablename":""},"stencil":{"id":"UserTask"},"childShapes":[],"outgoing":[{"resourceId":"sid-3151F9DA-80E3-4DC8-9690-0EA1ED25C722"}],"bounds":{"lowerRight":{"x":1524.9999396006322,"y":264.9999960793392},"upperLeft":{"x":1424.9999396006322,"y":184.99999607933924}},"dockers":[]},{"resourceId":"sid-C13CB3BF-D741-421E-8DB9-CFEEA0476C66","properties":{"overrideid":"","name":"","documentation":"","conditionsequenceflow":"","executionlisteners":"","defaultflow":"false","skipexpression":"","showdiamondmarker":false},"stencil":{"id":"SequenceFlow"},"childShapes":[],"outgoing":[{"resourceId":"sid-E119093A-0A73-4897-9240-76D9A7F4681C"}],"bounds":{"lowerRight":{"x":1424.9999396006322,"y":224.99999991085247},"upperLeft":{"x":1360.52343702813,"y":224.99999613785658}},"dockers":[{"x":99,"y":40},{"x":1,"y":39.99999999999997}],"target":{"resourceId":"sid-E119093A-0A73-4897-9240-76D9A7F4681C"}},{"resourceId":"sid-C3AD0E01-41E7-475A-9BA8-85BAB5FE368F","properties":{"overrideid":"","name":"Approval Allocation","documentation":"","asynchronousdefinition":"false","exclusivedefinition":"false","servicetasktriggerable":"false","executionlisteners":"","multiinstance_type":"None","multiinstance_variableaggregations":"","multiinstance_cardinality":"","multiinstance_collection":"","multiinstance_variable":"","multiinstance_condition":"","isforcompensation":"false","servicetaskclass":"org.flowable.APApprovalExecutor","servicetaskexpression":"","servicetaskdelegateexpression":"","servicetaskfields":"","servicetaskexceptions":"","servicetaskresultvariable":"","servicetaskuselocalscopeforresultvariable":"false","skipexpression":"","servicetaskfailedjobretrytimecycle":"","servicetaskstoreresultvariabletransient":"false"},"stencil":{"id":"ServiceTask"},"childShapes":[],"outgoing":[{"resourceId":"sid-9D0D52B0-E94D-4081-A57B-0917B826CFE8"}],"bounds":{"lowerRight":{"x":2094.999970272184,"y":123.99999934434888},"upperLeft":{"x":1994.9999702721839,"y":43.99999934434891}},"dockers":[]},{"resourceId":"sid-52FEB221-A592-475F-804D-D66880B38843","properties":{"overrideid":"","name":"Approval 1","documentation":"","asynchronousdefinition":"false","exclusivedefinition":"false","executionlisteners":"","multiinstance_type":"None","multiinstance_variableaggregations":"","multiinstance_cardinality":"","multiinstance_collection":"","multiinstance_variable":"","multiinstance_condition":"","isforcompensation":"false","usertaskassignment":{"assignment":{"type":"static","initiatorCanCompleteTask":true,"assignee":"${approvalassignee}"}},"formkeydefinition":"","formreference":{"id":"20358b8c-98a1-11ed-ac97-000c29667fe1","name":"Approval Form","key":"approval-form"},"formfieldvalidation":true,"duedatedefinition":"","prioritydefinition":"","formproperties":"","tasklisteners":"","skipexpression":"","categorydefinition":"","taskidvariablename":""},"stencil":{"id":"UserTask"},"childShapes":[],"outgoing":[{"resourceId":"sid-9B640E57-E2CC-48B3-9D5C-80E55AC16E35"}],"bounds":{"lowerRight":{"x":1749.9999754130845,"y":424.9999948590994},"upperLeft":{"x":1649.9999754130845,"y":344.99999485909944}},"dockers":[]},{"resourceId":"sid-601A711F-AFC0-473C-B024-8B8499814B95","properties":{"overrideid":"","name":"","documentation":"","asynchronousdefinition":"false","exclusivedefinition":"false","sequencefloworder":""},"stencil":{"id":"ExclusiveGateway"},"childShapes":[],"outgoing":[{"resourceId":"sid-8CE30840-DE74-431A-ADC8-5DB779E4D711"},{"resourceId":"sid-2EED61FC-410A-46A4-95A9-E767CA2E1F8F"},{"resourceId":"sid-9EF1F063-1AD3-42B5-9D68-B9FBF489200C"},{"resourceId":"sid-C093B32F-A95E-4EC9-B827-467B54F1B8B4"},{"resourceId":"sid-BC2D0AA0-BA25-4AFD-9EBA-EC3CA09B69A5"}],"bounds":{"lowerRight":{"x":2064.9999400973334,"y":204.99999754130843},"upperLeft":{"x":2024.9999400973334,"y":164.99999754130843}},"dockers":[]},{"resourceId":"sid-7A86BBC9-1BEB-488B-863E-CD4077A14F7F","properties":{"overrideid":"","name":"JDE Payment Release","documentation":"","asynchronousdefinition":"false","exclusivedefinition":"false","executionlisteners":"","multiinstance_type":"None","multiinstance_variableaggregations":"","multiinstance_cardinality":"","multiinstance_collection":"","multiinstance_variable":"","multiinstance_condition":"","isforcompensation":"false","usertaskassignment":{"assignment":{"type":"idm","initiatorCanCompleteTask":true,"idm":{"type":"initiator"}}},"formkeydefinition":"","formreference":{"id":"3a6bfe79-9666-11ed-b309-000c29667fe1","name":"Coding Form","key":"coding-form"},"formfieldvalidation":true,"duedatedefinition":"","prioritydefinition":"","formproperties":"","tasklisteners":"","skipexpression":"","categorydefinition":"","taskidvariablename":""},"stencil":{"id":"UserTask"},"childShapes":[],"outgoing":[{"resourceId":"sid-01AC7762-2BCB-460C-895D-E055111B428E"}],"bounds":{"lowerRight":{"x":2274.9999675899753,"y":224.99999538064012},"upperLeft":{"x":2174.999967589975,"y":144.99999538064012}},"dockers":[]},{"resourceId":"sid-4DB6DB34-A21C-42FA-87E3-D2689BC169E1","properties":{"overrideid":"","name":"","documentation":"","executionlisteners":""},"stencil":{"id":"EndNoneEvent"},"childShapes":[],"outgoing":[],"bounds":{"lowerRight":{"x":2352.9999653548007,"y":198.99999499320995},"upperLeft":{"x":2324.9999653548007,"y":170.99999499320995}},"dockers":[]},{"resourceId":"sid-9D0D52B0-E94D-4081-A57B-0917B826CFE8","properties":{"overrideid":"","name":"","documentation":"","conditionsequenceflow":"","executionlisteners":"","defaultflow":"false","skipexpression":""},"stencil":{"id":"SequenceFlow"},"childShapes":[],"outgoing":[{"resourceId":"sid-601A711F-AFC0-473C-B024-8B8499814B95"}],"bounds":{"lowerRight":{"x":2044.9999581863722,"y":165.06249787937855},"upperLeft":{"x":2044.9999460538788,"y":124.45312364003617}},"dockers":[{"x":50,"y":40},{"x":20,"y":20}],"target":{"resourceId":"sid-601A711F-AFC0-473C-B024-8B8499814B95"}},{"resourceId":"sid-01AC7762-2BCB-460C-895D-E055111B428E","properties":{"overrideid":"","name":"","documentation":"","conditionsequenceflow":"","executionlisteners":"","defaultflow":"false","skipexpression":"","showdiamondmarker":false},"stencil":{"id":"SequenceFlow"},"childShapes":[],"outgoing":[{"resourceId":"sid-4DB6DB34-A21C-42FA-87E3-D2689BC169E1"}],"bounds":{"lowerRight":{"x":2324.6405906167356,"y":184.99999520774094},"upperLeft":{"x":2275.8749666120866,"y":184.99999504201043}},"dockers":[{"x":50.00000000000023,"y":40},{"x":14,"y":14}],"target":{"resourceId":"sid-4DB6DB34-A21C-42FA-87E3-D2689BC169E1"}},{"resourceId":"sid-3151F9DA-80E3-4DC8-9690-0EA1ED25C722","properties":{"overrideid":"","name":"","documentation":"","conditionsequenceflow":"","executionlisteners":"","defaultflow":"false","skipexpression":""},"stencil":{"id":"SequenceFlow"},"childShapes":[],"outgoing":[{"resourceId":"sid-C3AD0E01-41E7-475A-9BA8-85BAB5FE368F"}],"bounds":{"lowerRight":{"x":1994.4589519813946,"y":184.3437469976232},"upperLeft":{"x":1474.9999396006322,"y":83.9999993443489}},"dockers":[{"x":50,"y":39.999999999999986},{"x":1474.9999396006322,"y":83.9999993443489},{"x":50,"y":39.999999999999986}],"target":{"resourceId":"sid-C3AD0E01-41E7-475A-9BA8-85BAB5FE368F"}},{"resourceId":"sid-9B640E57-E2CC-48B3-9D5C-80E55AC16E35","properties":{"overrideid":"","name":"","documentation":"","conditionsequenceflow":"","executionlisteners":"","defaultflow":"false","skipexpression":""},"stencil":{"id":"SequenceFlow"},"childShapes":[],"outgoing":[{"resourceId":"sid-C3AD0E01-41E7-475A-9BA8-85BAB5FE368F"}],"bounds":{"lowerRight":{"x":1994.1569368351954,"y":344.3828078494149},"upperLeft":{"x":1699.9999754130845,"y":94.3896626130979}},"dockers":[{"x":50,"y":39.99999999999997},{"x":1699.9999754130845,"y":154.49999771184406},{"x":50,"y":39.999999999999986}],"target":{"resourceId":"sid-C3AD0E01-41E7-475A-9BA8-85BAB5FE368F"}},{"resourceId":"sid-80BCCBFA-8E2B-47AA-9142-A827560A7A6F","properties":{"overrideid":"","name":"Approval 2","documentation":"","asynchronousdefinition":"false","exclusivedefinition":"false","executionlisteners":"","multiinstance_type":"None","multiinstance_variableaggregations":"","multiinstance_cardinality":"","multiinstance_collection":"","multiinstance_variable":"","multiinstance_condition":"","isforcompensation":"false","usertaskassignment":{"assignment":{"type":"static","initiatorCanCompleteTask":true,"assignee":"${approvalassignee}"}},"formkeydefinition":"","formreference":{"id":"9859720a-9be8-11ed-9c92-000c29667fe1","name":"Approval 2 Form","key":"approval2-form"},"formfieldvalidation":true,"duedatedefinition":"","prioritydefinition":"","formproperties":"","tasklisteners":"","skipexpression":"","categorydefinition":"","taskidvariablename":""},"stencil":{"id":"UserTask"},"childShapes":[],"outgoing":[{"resourceId":"sid-A647F122-08D8-40F4-8220-52D525F23EF9"}],"bounds":{"lowerRight":{"x":1933.333288353903,"y":424.99998971819895},"upperLeft":{"x":1833.333288353903,"y":344.99998971819895}},"dockers":[]},{"resourceId":"sid-A647F122-08D8-40F4-8220-52D525F23EF9","properties":{"overrideid":"","name":"","documentation":"","conditionsequenceflow":"","executionlisteners":"","defaultflow":"false","skipexpression":""},"stencil":{"id":"SequenceFlow"},"childShapes":[],"outgoing":[{"resourceId":"sid-C3AD0E01-41E7-475A-9BA8-85BAB5FE368F"}],"bounds":{"lowerRight":{"x":1994.2539114888782,"y":446.99999739229685},"upperLeft":{"x":1613.2500050067902,"y":89.75925169098281}},"dockers":[{"x":50,"y":40},{"x":1883.333288353903,"y":446.99999739229685},{"x":1613.2500050067902,"y":446.99999739229685},{"x":1613.2500050067902,"y":133.0000017136335},{"x":50,"y":39.999999999999986}],"target":{"resourceId":"sid-C3AD0E01-41E7-475A-9BA8-85BAB5FE368F"}},{"resourceId":"sid-2F8ED2C6-E04D-4B35-ADD1-F9E15AA49E87","properties":{"overrideid":"","name":"Approval 3","documentation":"","asynchronousdefinition":"false","exclusivedefinition":"false","executionlisteners":"","multiinstance_type":"None","multiinstance_variableaggregations":"","multiinstance_cardinality":"","multiinstance_collection":"","multiinstance_variable":"","multiinstance_condition":"","isforcompensation":"false","usertaskassignment":{"assignment":{"type":"static","initiatorCanCompleteTask":true,"assignee":"${approvalassignee}"}},"formkeydefinition":"","formreference":{"id":"b6c11b3b-9be8-11ed-9c92-000c29667fe1","name":"Approval 3 Form","key":"approval3-form"},"formfieldvalidation":true,"duedatedefinition":"","prioritydefinition":"","formproperties":"","tasklisteners":"","skipexpression":"","categorydefinition":"","taskidvariablename":""},"stencil":{"id":"UserTask"},"childShapes":[],"outgoing":[{"resourceId":"sid-EE6F4DB8-F92F-434C-A494-4849BDE3C0F4"}],"bounds":{"lowerRight":{"x":2094.999940544368,"y":424.99998971819895},"upperLeft":{"x":1994.9999405443682,"y":344.99998971819895}},"dockers":[]},{"resourceId":"sid-EE6F4DB8-F92F-434C-A494-4849BDE3C0F4","properties":{"overrideid":"","name":"","documentation":"","conditionsequenceflow":"","executionlisteners":"","defaultflow":"false","skipexpression":""},"stencil":{"id":"SequenceFlow"},"childShapes":[],"outgoing":[{"resourceId":"sid-C3AD0E01-41E7-475A-9BA8-85BAB5FE368F"}],"bounds":{"lowerRight":{"x":2044.9999702721843,"y":470.8007813692093},"upperLeft":{"x":1571.2500029355288,"y":86.02254842166579}},"dockers":[{"x":50,"y":40},{"x":2044.9999702721843,"y":470.8007813692093},{"x":1571.2500029355288,"y":470.8007813692093},{"x":1571.2500029355288,"y":102.80078397691244},{"x":50,"y":39.999999999999986}],"target":{"resourceId":"sid-C3AD0E01-41E7-475A-9BA8-85BAB5FE368F"}},{"resourceId":"sid-9CE8DDEB-66C8-4E5A-9968-00041F05C4C8","properties":{"overrideid":"","name":"Approval 4","documentation":"","asynchronousdefinition":"false","exclusivedefinition":"false","executionlisteners":"","multiinstance_type":"None","multiinstance_variableaggregations":"","multiinstance_cardinality":"","multiinstance_collection":"","multiinstance_variable":"","multiinstance_condition":"","isforcompensation":"false","usertaskassignment":{"assignment":{"type":"static","initiatorCanCompleteTask":true,"assignee":"${approvalassignee}"}},"formkeydefinition":"","formreference":{"id":"d16b473c-9be8-11ed-9c92-000c29667fe1","name":"Approval 4 Form","key":"approval4-form"},"formfieldvalidation":true,"duedatedefinition":"","prioritydefinition":"","formproperties":"","tasklisteners":"","skipexpression":"","categorydefinition":"","taskidvariablename":""},"stencil":{"id":"UserTask"},"childShapes":[],"outgoing":[{"resourceId":"sid-30B37AE0-6680-4E24-98D0-7C6BD75C3912"}],"bounds":{"lowerRight":{"x":2236.363552115292,"y":424.99998971819895},"upperLeft":{"x":2136.363552115292,"y":344.99998971819895}},"dockers":[]},{"resourceId":"sid-30B37AE0-6680-4E24-98D0-7C6BD75C3912","properties":{"overrideid":"","name":"","documentation":"","conditionsequenceflow":"","executionlisteners":"","defaultflow":"false","skipexpression":""},"stencil":{"id":"SequenceFlow"},"childShapes":[],"outgoing":[{"resourceId":"sid-C3AD0E01-41E7-475A-9BA8-85BAB5FE368F"}],"bounds":{"lowerRight":{"x":2439.898945275113,"y":384.999989718199},"upperLeft":{"x":2095.3623421475504,"y":83.9999993443489}},"dockers":[{"x":50,"y":40},{"x":2439.898945275113,"y":384.999989718199},{"x":2439.898945275113,"y":83.9999993443489},{"x":50,"y":39.999999999999986}],"target":{"resourceId":"sid-C3AD0E01-41E7-475A-9BA8-85BAB5FE368F"}},{"resourceId":"sid-2EED61FC-410A-46A4-95A9-E767CA2E1F8F","properties":{"overrideid":"","name":"","documentation":"","conditionsequenceflow":{"expression":{"type":"static","staticValue":"${approvallevel==1}"}},"executionlisteners":"","defaultflow":false,"skipexpression":""},"stencil":{"id":"SequenceFlow"},"childShapes":[],"outgoing":[{"resourceId":"sid-52FEB221-A592-475F-804D-D66880B38843"}],"bounds":{"lowerRight":{"x":2032.4874592375195,"y":355.6659629361611},"upperLeft":{"x":1750.801514910238,"y":193.01371725761325}},"dockers":[{"x":20.5,"y":20.5},{"x":50,"y":39.99999999999997}],"target":{"resourceId":"sid-52FEB221-A592-475F-804D-D66880B38843"}},{"resourceId":"sid-9EF1F063-1AD3-42B5-9D68-B9FBF489200C","properties":{"overrideid":"","name":"","documentation":"","conditionsequenceflow":{"expression":{"type":"static","staticValue":"${approvallevel==2}"}},"executionlisteners":"","defaultflow":"false","skipexpression":""},"stencil":{"id":"SequenceFlow"},"childShapes":[],"outgoing":[{"resourceId":"sid-80BCCBFA-8E2B-47AA-9142-A827560A7A6F"}],"bounds":{"lowerRight":{"x":2036.0006879030266,"y":344.47987545941976},"upperLeft":{"x":1916.2706894330024,"y":197.18612855577138}},"dockers":[{"x":20.5,"y":20.5},{"x":50,"y":40}],"target":{"resourceId":"sid-80BCCBFA-8E2B-47AA-9142-A827560A7A6F"}},{"resourceId":"sid-C093B32F-A95E-4EC9-B827-467B54F1B8B4","properties":{"overrideid":"","name":"","documentation":"","conditionsequenceflow":{"expression":{"type":"static","staticValue":"${approvallevel==3}"}},"executionlisteners":"","defaultflow":"false","skipexpression":""},"stencil":{"id":"SequenceFlow"},"childShapes":[],"outgoing":[{"resourceId":"sid-2F8ED2C6-E04D-4B35-ADD1-F9E15AA49E87"}],"bounds":{"lowerRight":{"x":2045.4505588835925,"y":344.25585379237265},"upperLeft":{"x":2045.1020560859608,"y":205.2031186672283}},"dockers":[{"x":20.5,"y":20.5},{"x":50,"y":40}],"target":{"resourceId":"sid-2F8ED2C6-E04D-4B35-ADD1-F9E15AA49E87"}},{"resourceId":"sid-BC2D0AA0-BA25-4AFD-9EBA-EC3CA09B69A5","properties":{"overrideid":"","name":"","documentation":"","conditionsequenceflow":{"expression":{"type":"static","staticValue":"${approvallevel==4}"}},"executionlisteners":"","defaultflow":"false","skipexpression":""},"stencil":{"id":"SequenceFlow"},"childShapes":[],"outgoing":[{"resourceId":"sid-9CE8DDEB-66C8-4E5A-9968-00041F05C4C8"}],"bounds":{"lowerRight":{"x":2157.7240866575194,"y":344.438960131313},"upperLeft":{"x":2053.780211630636,"y":197.22704388387814}},"dockers":[{"x":20.5,"y":20.5},{"x":50,"y":40}],"target":{"resourceId":"sid-9CE8DDEB-66C8-4E5A-9968-00041F05C4C8"}},{"resourceId":"sid-8CE30840-DE74-431A-ADC8-5DB779E4D711","properties":{"overrideid":"","name":"","documentation":"","conditionsequenceflow":{"expression":{"type":"static","staticValue":"${approvallevel==8}"}},"executionlisteners":"","defaultflow":false,"skipexpression":""},"stencil":{"id":"SequenceFlow"},"childShapes":[],"outgoing":[{"resourceId":"sid-7A86BBC9-1BEB-488B-863E-CD4077A14F7F"}],"bounds":{"lowerRight":{"x":2174.9179327020133,"y":185.44447742230125},"upperLeft":{"x":2065.43157974239,"y":185.13950023757207}},"dockers":[{"x":20.5,"y":20.5},{"x":50.00000000000023,"y":40}],"target":{"resourceId":"sid-7A86BBC9-1BEB-488B-863E-CD4077A14F7F"}}],"stencil":{"id":"BPMNDiagram"},"stencilset":{"namespace":"http://b3mn.org/stencilset/bpmn2.0#","url":"../editor/stencilsets/bpmn2.0/bpmn2.0.json"}}}