{"id":"3a6bfe79-9666-11ed-b309-000c29667fe1","name":"Coding Form","key":"coding-form","description":"","editorJson":{"name":"Coding Form","key":"coding-form","version":0,"fields":[{"fieldType":"FormField","id":"invoicenumber","name":"Invoice Number","type":"text","value":null,"required":false,"readOnly":false,"overrideId":false,"placeholder":null,"layout":null},{"fieldType":"FormField","id":"invoicedate","name":"Invoice Date","type":"date","value":null,"required":false,"readOnly":false,"overrideId":false,"placeholder":null,"layout":null},{"fieldType":"FormField","id":"invoiceamount","name":"Invoice Amount","type":"decimal","value":null,"required":false,"readOnly":false,"overrideId":false,"placeholder":null,"layout":null},{"fieldType":"FormField","id":"gstamount","name":"GST Amount","type":"decimal","value":null,"required":false,"readOnly":false,"overrideId":false,"placeholder":null,"layout":null},{"fieldType":"FormField","id":"gstnumber","name":"GST Number","type":"integer","value":null,"required":false,"readOnly":false,"overrideId":false,"placeholder":null,"layout":null},{"fieldType":"FormField","id":"suppliername","name":"Supplier Name","type":"text","value":null,"required":false,"readOnly":false,"overrideId":false,"placeholder":null,"layout":null},{"fieldType":"OptionFormField","id":"currency","name":"Currency","type":"dropdown","value":"Please choose one...","required":false,"readOnly":false,"overrideId":false,"placeholder":null,"layout":null,"optionType":null,"hasEmptyValue":true,"options":[{"id":null,"name":"Please choose one..."},{"id":null,"name":"NZD"},{"id":null,"name":"AUD"}],"optionsExpression":null},{"fieldType":"FormField","id":"line-i","name":"LINE-I","type":"headline-with-line","value":null,"required":false,"readOnly":false,"overrideId":false,"placeholder":null,"layout":null},{"fieldType":"FormField","id":"line1-businessunit","name":"Line1 - Business Unit","type":"text","value":null,"required":false,"readOnly":false,"overrideId":false,"placeholder":null,"layout":null},{"fieldType":"FormField","id":"line1-budescription","name":"Line1 - BU Description","type":"text","value":null,"required":false,"readOnly":false,"overrideId":false,"placeholder":null,"layout":null},{"fieldType":"FormField","id":"line1-amount","name":"Line1 - Amount","type":"decimal","value":null,"required":false,"readOnly":false,"overrideId":false,"placeholder":null,"layout":null},{"fieldType":"FormField","id":"line-ii","name":"LINE-II","type":"headline-with-line","value":null,"required":false,"readOnly":false,"overrideId":false,"placeholder":null,"layout":null},{"fieldType":"FormField","id":"line2-businessunit","name":"Line2 - Business Unit","type":"text","value":null,"required":false,"readOnly":false,"overrideId":false,"placeholder":null,"layout":null},{"fieldType":"FormField","id":"line2-budescription","name":"Line2 - BU Description","type":"text","value":null,"required":false,"readOnly":false,"overrideId":false,"placeholder":null,"layout":null},{"fieldType":"FormField","id":"line2-amount","name":"Line2 - Amount","type":"decimal","value":null,"required":false,"readOnly":false,"overrideId":false,"placeholder":null,"layout":null}],"outcomes":[]}}