{"id":"c83a831f-9619-11ed-b309-000c29667fe1","name":"Data Check Form","key":"data-check-form","description":"","editorJson":{"name":"Data Check Form","key":"data-check-form","version":0,"fields":[{"fieldType":"FormField","id":"invoicenumber","name":"Invoice Number","type":"text","value":null,"required":false,"readOnly":false,"overrideId":false,"placeholder":null,"layout":null},{"fieldType":"FormField","id":"invoicedate","name":"Invoice Date","type":"date","value":null,"required":false,"readOnly":false,"overrideId":false,"placeholder":null,"layout":null},{"fieldType":"FormField","id":"invoiceamount","name":"Invoice Amount","type":"decimal","value":null,"required":false,"readOnly":false,"overrideId":false,"placeholder":null,"layout":null},{"fieldType":"FormField","id":"gstamount","name":"GST Amount","type":"decimal","value":null,"required":false,"readOnly":false,"overrideId":false,"placeholder":null,"layout":null},{"fieldType":"FormField","id":"gstnumber","name":"GST Number","type":"integer","value":null,"required":false,"readOnly":false,"overrideId":false,"placeholder":null,"layout":null},{"fieldType":"FormField","id":"suppliername","name":"Supplier Name","type":"text","value":null,"required":false,"readOnly":false,"overrideId":false,"placeholder":null,"layout":null},{"fieldType":"OptionFormField","id":"currency","name":"Currency","type":"dropdown","value":"Please choose one...","required":false,"readOnly":false,"overrideId":false,"placeholder":null,"layout":null,"optionType":null,"hasEmptyValue":true,"options":[{"id":null,"name":"Please choose one..."},{"id":null,"name":"NZD"},{"id":null,"name":"AUD"}],"optionsExpression":null}],"outcomes":[]}}